市光路,36.5306638,135.2975413,嫩江路,36.5208181,135.2975766,8,0,158,218
嫩江路,36.5208181,135.2975766,翔殷路,36.507983,135.29748,8,0,158,218
翔殷路,36.507983,135.29748,黄兴公园,36.496198,135.2988218,8,0,158,218
黄兴公园,36.496198,135.2988218,延吉中路,36.4868519,135.300745,8,0,158,218
延吉中路,36.4868519,135.300745,黄兴路,36.4736934,135.2929928,8,0,158,218
黄兴路,36.4736934,135.2929928,江浦路,36.4688262,135.2822646,8,0,158,218
江浦路,36.4688262,135.2822646,鞍山新村,36.4663709,135.2725383,8,0,158,218
鞍山新村,36.4663709,135.2725383,四平路,36.4685037,135.263363,8,0,158,218
四平路,36.4685037,135.263363,曲阳路,36.4705165,135.2513568,8,0,158,218
曲阳路,36.4705165,135.2513568,虹口足球场,36.462299,135.2390268,8,0,158,218
虹口足球场,36.462299,135.2390268,西藏北路,36.4540283,135.2271011,8,0,158,218
西藏北路,36.4540283,135.2271011,中兴路,36.4405974,135.2272807,8,0,158,218
中兴路,36.4405974,135.2272807,曲阜路,36.4266905,135.2301745,8,0,158,218
曲阜路,36.4266905,135.2301745,人民广场,36.4142692,135.2347583,8,0,158,218
人民广场,36.4142692,135.2347583,大世界,36.4070296,135.2389398,8,0,158,218
大世界,36.4070296,135.2389398,老西门,36.3960804,135.2429474,8,0,158,218
老西门,36.3960804,135.2429474,陆家浜路,36.3866749,135.2465441,8,0,158,218
陆家浜路,36.3866749,135.2465441,西藏南路,36.3740589,135.2503365,8,0,158,218
西藏南路,36.3740589,135.2503365,中华艺术宫,36.3529089,135.255487,8,0,158,218
中华艺术宫,36.3529089,135.255487,耀华路,36.3435151,135.2559041,8,0,158,218
耀华路,36.3435151,135.2559041,成山路,36.333667,135.2576923,8,0,158,218
成山路,36.333667,135.2576923,杨思,36.3210203,135.254976,8,0,158,218
杨思,36.3210203,135.254976,东方体育中心,36.311495,135.2401946,8,0,158,218
东方体育中心,36.311495,135.2401946,凌兆新村,36.295115,135.2505104,8,0,158,218
凌兆新村,36.295115,135.2505104,芦恒路,36.2669183,135.259525,8,0,158,218
芦恒路,36.2669183,135.259525,浦江镇,36.2375362,135.2690028,8,0,158,218
浦江镇,36.2375362,135.2690028,江月路,36.2217435,135.2714991,8,0,158,218
江月路,36.2217435,135.2714991,联航路,36.2083783,135.2737225,8,0,158,218
联航路,36.2083783,135.2737225,沈杜公路,36.1920895,135.2755848,8,0,158,218
金运路,36.4254796,135.0609944,金沙江西路,36.4255213,135.0784216,13,232,149,192
金沙江西路,36.4255213,135.0784216,丰庄,36.4267736,135.1012341,13,232,149,192
丰庄,36.4267736,135.1012341,祁连山南路,36.4200394,135.1145484,13,232,149,192
祁连山南路,36.4200394,135.1145484,真北路,36.4131643,135.1309613,13,232,149,192
真北路,36.4131643,135.1309613,大渡河路,36.412742,135.145233,13,232,149,192
大渡河路,36.412742,135.145233,金沙江路,36.4123413,135.1644808,13,232,149,192
金沙江路,36.4123413,135.1644808,隆德路,36.4116603,135.1764429,13,232,149,192
隆德路,36.4116603,135.1764429,武宁路,36.4163111,135.1841595,13,232,149,192
武宁路,36.4163111,135.1841595,长寿路,36.4252351,135.1931881,13,232,149,192
长寿路,36.4252351,135.1931881,江宁路,36.4296065,135.1996254,13,232,149,192
江宁路,36.4296065,135.1996254,汉中路,36.4247903,135.2160864,13,232,149,192
汉中路,36.4247903,135.2160864,自然博物馆,36.4184172,135.2204542,13,232,149,192
自然博物馆,36.4184172,135.2204542,南京西路,36.408997,135.2200871,13,232,149,192
南京西路,36.408997,135.2200871,淮海中路,36.3980536,135.2220103,13,232,149,192
淮海中路,36.3980536,135.2220103,新天地,36.3919738,135.2339825,13,232,149,192
新天地,36.3919738,135.2339825,马当路,36.3842229,135.2356424,13,232,149,192
马当路,36.3842229,135.2356424,世博会博物馆,36.3674979,135.2418673,13,232,149,192
世博会博物馆,36.3674979,135.2418673,世博大道,36.3488818,135.2445636,13,232,149,192
杨高中路,36.4078903,135.3159035,世纪大道,36.409262,135.2918735,9,121,200,237
世纪大道,36.409262,135.2918735,商城路,36.4109143,135.2801338,9,121,200,237
商城路,36.4109143,135.2801338,小南门,36.3934655,135.2601017,9,121,200,237
小南门,36.3934655,135.2601017,陆家浜路,36.3866749,135.2465441,9,121,200,237
陆家浜路,36.3866749,135.2465441,马当路,36.3838004,135.2365056,9,121,200,237
马当路,36.3838004,135.2365056,打浦桥,36.3797592,135.2272698,9,121,200,237
打浦桥,36.3797592,135.2272698,嘉善路,36.375708,135.2181607,9,121,200,237
嘉善路,36.375708,135.2181607,肇嘉浜路,36.3715859,135.2059361,9,121,200,237
肇嘉浜路,36.3715859,135.2059361,徐家汇,36.3666284,135.1915558,9,121,200,237
徐家汇,36.3666284,135.1915558,宜山路,36.3527056,135.1812885,9,121,200,237
宜山路,36.3527056,135.1812885,桂林路,36.3395226,135.1711422,9,121,200,237
桂林路,36.3395226,135.1711422,漕河泾开发区,36.3333322,135.1479677,9,121,200,237
漕河泾开发区,36.3333322,135.1479677,合川路,36.3281612,135.1335017,9,121,200,237
合川路,36.3281612,135.1335017,星中路,36.3173338,135.1161382,9,121,200,237
星中路,36.3173338,135.1161382,七宝,36.3141378,135.0944057,9,121,200,237
七宝,36.3141378,135.0944057,中春路,36.3070989,135.0818192,9,121,200,237
中春路,36.3070989,135.0818192,九亭,36.2914238,135.060263,9,121,200,237
九亭,36.2914238,135.060263,泗泾,36.2657126,134.9955636,9,121,200,237
泗泾,36.2657126,134.9955636,佘山,36.2484186,134.9610522,9,121,200,237
佘山,36.2484186,134.9610522,洞泾,36.2222666,134.9618954,9,121,200,237
洞泾,36.2222666,134.9618954,松江大学城,36.1830129,134.96433,9,121,200,237
松江大学城,36.1830129,134.96433,松江新城,36.1522017,134.9621679,9,121,200,237
松江新城,36.1522017,134.9621679,松江体育中心,36.1338977,134.9620196,9,121,200,237
松江体育中心,36.1338977,134.9620196,醉白池,36.1144315,134.9605765,9,121,200,237
醉白池,36.1144315,134.9605765,松江南站,36.0937137,134.9626336,9,121,200,237
莘庄,36.2561449,135.1340074,外环路,36.2695344,135.143125,1,233,27,57
外环路,36.2695344,135.143125,莲花路,36.2822227,135.153723,1,233,27,57
莲花路,36.2822227,135.153723,锦江乐园,36.2972063,135.1663539,1,233,27,57
锦江乐园,36.2972063,135.1663539,上海南站,36.3138371,135.1837122,1,233,27,57
上海南站,36.3138371,135.1837122,漕宝路,36.3311285,135.1895288,1,233,27,57
漕宝路,36.3311285,135.1895288,上海体育馆,36.3490404,135.1910132,1,233,27,57
上海体育馆,36.3490404,135.1910132,徐家汇,36.3630158,135.1931404,1,233,27,57
徐家汇,36.3630158,135.1931404,衡山路,36.3788034,135.2025108,1,233,27,57
衡山路,36.3788034,135.2025108,常熟路,36.3899365,135.2075948,1,233,27,57
常熟路,36.3899365,135.2075948,陕西南路,36.3945527,135.2175527,1,233,27,57
陕西南路,36.3945527,135.2175527,黄陂南路,36.4013636,135.2321639,1,233,27,57
黄陂南路,36.4013636,135.2321639,人民广场,36.4145087,135.2342794,1,233,27,57
人民广场,36.4145087,135.2342794,新闸路,36.4220216,135.2266022,1,233,27,57
新闸路,36.4220216,135.2266022,汉中路,36.4260496,135.2156908,1,233,27,57
汉中路,36.4260496,135.2156908,上海火车站,36.4335696,135.2127657,1,233,27,57
上海火车站,36.4335696,135.2127657,中山北路,36.4486824,135.2163761,1,233,27,57
中山北路,36.4486824,135.2163761,延长路,36.4652517,135.2122319,1,233,27,57
延长路,36.4652517,135.2122319,上海马戏城,36.4753426,135.208458,1,233,27,57
上海马戏城,36.4753426,135.208458,汶水路,36.4921552,135.2062955,1,233,27,57
汶水路,36.4921552,135.2062955,彭浦新村,36.5104706,135.2046661,1,233,27,57
彭浦新村,36.5104706,135.2046661,共康路,36.5265648,135.2028491,1,233,27,57
共康路,36.5265648,135.2028491,通河新村,36.5427011,135.1965624,1,233,27,57
通河新村,36.5427011,135.1965624,呼兰路,36.5533274,135.1925196,1,233,27,57
呼兰路,36.5533274,135.1925196,共富新村,36.5735179,135.1883706,1,233,27,57
共富新村,36.5735179,135.1883706,宝安公路,36.592524,135.1849185,1,233,27,57
宝安公路,36.592524,135.1849185,友谊西路,36.607488,135.181555,1,233,27,57
友谊西路,36.607488,135.181555,富锦路,36.6216882,135.1778752,1,233,27,57
徐泾东,36.3582064,135.0403868,虹桥火车站,36.3645322,135.0630775,2,138,197,63
虹桥火车站,36.3645322,135.0630775,虹桥2号航站楼,36.3648491,135.0690528,2,138,197,63
虹桥2号航站楼,36.3648491,135.0690528,淞虹路,36.3952041,135.1052573,2,138,197,63
淞虹路,36.3952041,135.1052573,北新泾,36.3927515,135.1217808,2,138,197,63
北新泾,36.3927515,135.1217808,威宁路,36.3906537,135.1362873,2,138,197,63
威宁路,36.3906537,135.1362873,娄山关路,36.3860868,135.1553749,2,138,197,63
娄山关路,36.3860868,135.1553749,中山公园,36.3960077,135.1705611,2,138,197,63
中山公园,36.3960077,135.1705611,江苏路,36.3980205,135.186691,2,138,197,63
江苏路,36.3980205,135.186691,静安寺,36.4023999,135.2020067,2,138,197,63
静安寺,36.4023999,135.2020067,南京西路,36.4109275,135.2176726,2,138,197,63
南京西路,36.4109275,135.2176726,人民广场,36.414367,135.2315779,2,138,197,63
人民广场,36.414367,135.2315779,南京东路,36.4197056,135.2438707,2,138,197,63
南京东路,36.4197056,135.2438707,陆家嘴,36.4206463,135.2644763,2,138,197,63
陆家嘴,36.4206463,135.2644763,东昌路,36.4147409,135.2791411,2,138,197,63
东昌路,36.4147409,135.2791411,世纪大道,36.409262,135.2918735,2,138,197,63
世纪大道,36.409262,135.2918735,上海科技馆,36.3971807,135.3110043,2,138,197,63
上海科技馆,36.3971807,135.3110043,世纪公园,36.3847582,135.3183016,2,138,197,63
世纪公园,36.3847582,135.3183016,龙阳路,36.3763338,135.3256907,2,138,197,63
龙阳路,36.3763338,135.3256907,张江高科,36.3743271,135.3593621,2,138,197,63
张江高科,36.3743271,135.3593621,金科路,36.3769862,135.3754993,2,138,197,63
金科路,36.3769862,135.3754993,广兰路,36.3857024,135.396234,2,138,197,63
花木路,36.3868784,135.3317173,龙阳路,36.3769952,135.325938,7,243,113,33
龙阳路,36.3769952,135.325938,芳华路,36.3635163,135.317525,7,243,113,33
芳华路,36.3635163,135.317525,锦绣路,36.3560517,135.3063038,7,243,113,33
锦绣路,36.3560517,135.3063038,杨高南路,36.3556455,135.2898881,7,243,113,33
杨高南路,36.3556455,135.2898881,高科西路,36.3528395,135.272905,7,243,113,33
高科西路,36.3528395,135.272905,云台路,36.3482758,135.262743,7,243,113,33
云台路,36.3482758,135.262743,耀华路,36.3435151,135.2559041,7,243,113,33
耀华路,36.3435151,135.2559041,长清路,36.3386542,135.2464656,7,243,113,33
长清路,36.3386542,135.2464656,后滩,36.3354865,135.2324275,7,243,113,33
后滩,36.3354865,135.2324275,龙华中路,36.3528716,135.2138862,7,243,113,33
龙华中路,36.3528716,135.2138862,东安路,36.3609723,135.2111683,7,243,113,33
东安路,36.3609723,135.2111683,肇嘉浜路,36.3706275,135.2064382,7,243,113,33
肇嘉浜路,36.3706275,135.2064382,常熟路,36.3900218,135.2051482,7,243,113,33
常熟路,36.3900218,135.2051482,静安寺,36.4020101,135.2046633,7,243,113,33
静安寺,36.4020101,135.2046633,昌平路,36.4165505,135.1975968,7,243,113,33
昌平路,36.4165505,135.1975968,长寿路,36.4240388,135.1931364,7,243,113,33
长寿路,36.4240388,135.1931364,镇坪路,36.4332466,135.1855733,7,243,113,33
镇坪路,36.4332466,135.1855733,岚皋路,36.445195,135.17488,7,243,113,33
岚皋路,36.445195,135.17488,新村路,36.4550094,135.1756519,7,243,113,33
新村路,36.4550094,135.1756519,大华三路,36.4680079,135.176158,7,243,113,33
大华三路,36.4680079,135.176158,行知路,36.4823157,135.1745682,7,243,113,33
行知路,36.4823157,135.1745682,大场镇,36.4933155,135.1688771,7,243,113,33
大场镇,36.4933155,135.1688771,场中路,36.5066073,135.1657769,7,243,113,33
场中路,36.5066073,135.1657769,上大路,36.5215116,135.15978,7,243,113,33
上大路,36.5215116,135.15978,南陈路,36.5289896,135.1491476,7,243,113,33
南陈路,36.5289896,135.1491476,上海大学站,36.527737,135.1380959,7,243,113,33
上海大学站,36.527737,135.1380959,祁华路,36.5301351,135.1212462,7,243,113,33
祁华路,36.5301351,135.1212462,顾村公园,36.5592745,135.1203032,7,243,113,33
顾村公园,36.5592745,135.1203032,刘行,36.5759444,135.108699,7,243,113,33
刘行,36.5759444,135.108699,潘广路,36.5847266,135.1013564,7,243,113,33
潘广路,36.5847266,135.1013564,罗南新村,36.6161083,135.1034631,7,243,113,33
罗南新村,36.6161083,135.1034631,美兰湖,36.6335904,135.0948253,7,243,113,33
江杨北路,36.6418508,135.1947811,铁力路,36.6419062,135.2188648,3,250,209,7
铁力路,36.6419062,135.2188648,友谊路,36.6362852,135.235216,3,250,209,7
友谊路,36.6362852,135.235216,宝杨路,36.6250686,135.2392083,3,250,209,7
宝杨路,36.6250686,135.2392083,水产路,36.6066592,135.2487727,3,250,209,7
水产路,36.6066592,135.2487727,淞浜路,36.5929861,135.2539705,3,250,209,7
淞浜路,36.5929861,135.2539705,张华浜,36.5762486,135.2606715,3,250,209,7
张华浜,36.5762486,135.2606715,淞发路,36.5595696,135.2626012,3,250,209,7
淞发路,36.5595696,135.2626012,长江南路,36.5425333,135.2526324,3,250,209,7
长江南路,36.5425333,135.2526324,殷高西路,36.5268263,135.2450998,3,250,209,7
殷高西路,36.5268263,135.2450998,江湾镇,36.5081506,135.2453423,3,250,209,7
江湾镇,36.5081506,135.2453423,大柏树,36.4873334,135.2430908,3,250,209,7
大柏树,36.4873334,135.2430908,赤峰路,36.4768884,135.2423971,3,250,209,7
赤峰路,36.4768884,135.2423971,虹口足球场,36.4645024,135.2386793,3,250,209,7
虹口足球场,36.4645024,135.2386793,东宝兴路,36.4492932,135.239779,3,250,209,7
东宝兴路,36.4492932,135.239779,宝山路,36.4385618,135.2357642,3,250,209,7
宝山路,36.4385618,135.2357642,上海火车站,36.4365683,135.2154163,3,250,209,7
上海火车站,36.4365683,135.2154163,中潭路,36.4431716,135.1961557,3,250,209,7
中潭路,36.4431716,135.1961557,镇坪路,36.4325413,135.1836685,3,250,209,7
镇坪路,36.4325413,135.1836685,曹杨路,36.4231495,135.1703451,3,250,209,7
曹杨路,36.4231495,135.1703451,金沙江路,36.4138254,135.1653308,3,250,209,7
金沙江路,36.4138254,135.1653308,中山公园,36.3951224,135.1680844,3,250,209,7
中山公园,36.3951224,135.1680844,延安西路,36.3846701,135.1695864,3,250,209,7
延安西路,36.3846701,135.1695864,虹桥路,36.3686476,135.173733,3,250,209,7
虹桥路,36.3686476,135.173733,宜山路,36.3550943,135.1804765,3,250,209,7
宜山路,36.3550943,135.1804765,漕溪路,36.3420822,135.193136,3,250,209,7
漕溪路,36.3420822,135.193136,龙漕路,36.3326903,135.1998851,3,250,209,7
龙漕路,36.3326903,135.1998851,石龙路,36.3179064,135.1985802,3,250,209,7
石龙路,36.3179064,135.1985802,上海南站,36.3118821,135.1846792,3,250,209,7
港城路,36.5705865,135.3449875,外高桥保税区北,36.5635634,135.3586764,6,214,24,112
外高桥保税区北,36.5635634,135.3586764,航津路,36.5472489,135.3665733,6,214,24,112
航津路,36.5472489,135.3665733,外高桥保税区南,36.5289934,135.3756175,6,214,24,112
外高桥保税区南,36.5289934,135.3756175,洲海路,36.5174878,135.3614336,6,214,24,112
洲海路,36.5174878,135.3614336,五洲大道,36.5048727,135.3613499,6,214,24,112
五洲大道,36.5048727,135.3613499,东靖路,36.4895475,135.360772,6,214,24,112
东靖路,36.4895475,135.360772,巨峰路,36.4764552,135.3603813,6,214,24,112
巨峰路,36.4764552,135.3603813,五莲路,36.4651834,135.3598959,6,214,24,112
五莲路,36.4651834,135.3598959,博兴路,36.4548811,135.3586416,6,214,24,112
博兴路,36.4548811,135.3586416,金桥路,36.4461131,135.353031,6,214,24,112
金桥路,36.4461131,135.353031,云山路,36.4375183,135.3429456,6,214,24,112
云山路,36.4375183,135.3429456,德平路,36.43104,135.3332157,6,214,24,112
德平路,36.43104,135.3332157,北洋泾路,36.4231737,135.3205871,6,214,24,112
北洋泾路,36.4231737,135.3205871,民生路,36.4186741,135.3102304,6,214,24,112
民生路,36.4186741,135.3102304,源深体育中心,36.4146951,135.3001743,6,214,24,112
源深体育中心,36.4146951,135.3001743,世纪大道,36.409262,135.2918735,6,214,24,112
世纪大道,36.409262,135.2918735,浦电路,36.3978619,135.2941237,6,214,24,112
浦电路,36.3978619,135.2941237,蓝村路,36.3869713,135.2927936,6,214,24,112
蓝村路,36.3869713,135.2927936,上海儿童医学中心,36.3762961,135.2878154,6,214,24,112
上海儿童医学中心,36.3762961,135.2878154,临沂新村,36.3627619,135.2803458,6,214,24,112
临沂新村,36.3627619,135.2803458,高科西路,36.3528395,135.272905,6,214,24,112
高科西路,36.3528395,135.272905,东明路,36.3359606,135.2741204,6,214,24,112
东明路,36.3359606,135.2741204,高青路,36.3191274,135.2794437,6,214,24,112
高青路,36.3191274,135.2794437,华夏西路,36.3066011,135.2781921,6,214,24,112
华夏西路,36.3066011,135.2781921,上南路,36.3055887,135.2690761,6,214,24,112
上南路,36.3055887,135.2690761,灵岩南路,36.3050434,135.2565233,6,214,24,112
灵岩南路,36.3050434,135.2565233,东方体育中心,36.311495,135.2401946,6,214,24,112
虹桥2号航站楼,36.3648491,135.0690528,虹桥1号航站楼,36.3608543,135.0920136,10,188,168,209
虹桥1号航站楼,36.3608543,135.0920136,上海动物园,36.3590073,135.1139405,10,188,168,209
上海动物园,36.3590073,135.1139405,龙溪路,36.3639651,135.1282674,10,188,168,209
龙溪路,36.3639651,135.1282674,水城路,36.3706941,135.1416001,10,188,168,209
水城路,36.3706941,135.1416001,伊犁路,36.3701247,135.155211,10,188,168,209
伊犁路,36.3701247,135.155211,宋园路,36.3676109,135.1638536,10,188,168,209
宋园路,36.3676109,135.1638536,虹桥路,36.3678103,135.1753421,10,188,168,209
虹桥路,36.3678103,135.1753421,交通大学,36.3747438,135.1884852,10,188,168,209
交通大学,36.3747438,135.1884852,上海图书馆,36.382823,135.199851,10,188,168,209
上海图书馆,36.382823,135.199851,陕西南路,36.3913014,135.2151182,10,188,168,209
陕西南路,36.3913014,135.2151182,新天地,36.392934,135.2344069,10,188,168,209
新天地,36.392934,135.2344069,老西门,36.3960804,135.2429474,10,188,168,209
老西门,36.3960804,135.2429474,豫园,36.4081667,135.2478626,10,188,168,209
豫园,36.4081667,135.2478626,南京东路,36.4213119,135.2447764,10,188,168,209
南京东路,36.4213119,135.2447764,天潼路,36.4292795,135.2421174,10,188,168,209
天潼路,36.4292795,135.2421174,四川北路,36.4389082,135.2443825,10,188,168,209
四川北路,36.4389082,135.2443825,海伦路,36.4482057,135.2492083,10,188,168,209
海伦路,36.4482057,135.2492083,邮电新村,36.4602322,135.2556092,10,188,168,209
邮电新村,36.4602322,135.2556092,四平路,36.4689119,135.2639401,10,188,168,209
四平路,36.4689119,135.2639401,同济大学,36.4784132,135.2691807,10,188,168,209
同济大学,36.4784132,135.2691807,国权路,36.4876656,135.2732913,10,188,168,209
国权路,36.4876656,135.2732913,五角场,36.4986236,135.278243,10,188,168,209
五角场,36.4986236,135.278243,江湾体育场,36.5050296,135.2776218,10,188,168,209
江湾体育场,36.5050296,135.2776218,三门路,36.5178228,135.2710186,10,188,168,209
三门路,36.5178228,135.2710186,殷高东路,36.529661,135.2693218,10,188,168,209
殷高东路,36.529661,135.2693218,新江湾城,36.5383612,135.2693334,10,188,168,209
广兰路,36.3857024,135.396234,唐镇,36.3898026,135.4356878,2,138,197,63
唐镇,36.3898026,135.4356878,创新中路,36.3897035,135.455405,2,138,197,63
创新中路,36.3897035,135.455405,华夏东路,36.3682261,135.4631511,2,138,197,63
华夏东路,36.3682261,135.4631511,川沙,36.3549107,135.4823028,2,138,197,63
川沙,36.3549107,135.4823028,凌空路,36.3623034,135.5110333,2,138,197,63
凌空路,36.3623034,135.5110333,远东大道,36.3708589,135.5464909,2,138,197,63
远东大道,36.3708589,135.5464909,海天三路,36.3316919,135.5922037,2,138,197,63
海天三路,36.3316919,135.5922037,浦东国际机场,36.3059111,135.603519,2,138,197,63
七莘路,36.2835978,135.1097337,虹莘路,36.2902573,135.127714,12,0,124,101
虹莘路,36.2902573,135.127714,顾戴路,36.2950819,135.1421616,12,0,124,101
顾戴路,36.2950819,135.1421616,东兰路,36.3135102,135.1419219,12,0,124,101
东兰路,36.3135102,135.1419219,虹梅路,36.3200517,135.1477806,12,0,124,101
虹梅路,36.3200517,135.1477806,虹漕路,36.3253656,135.1622234,12,0,124,101
虹漕路,36.3253656,135.1622234,桂林公园,36.3292135,135.171266,12,0,124,101
桂林公园,36.3292135,135.171266,漕宝路,36.3314742,135.1893773,12,0,124,101
漕宝路,36.3314742,135.1893773,龙漕路,36.3341328,135.199439,12,0,124,101
龙漕路,36.3341328,135.199439,龙华,36.3383701,135.2091746,12,0,124,101
龙华,36.3383701,135.2091746,龙华中路,36.3529011,135.2143904,12,0,124,101
龙华中路,36.3529011,135.2143904,大木桥路,36.3646456,135.2213206,12,0,124,101
大木桥路,36.3646456,135.2213206,嘉善路,36.3758599,135.2182597,12,0,124,101
嘉善路,36.3758599,135.2182597,陕西南路,36.3929948,135.2164106,12,0,124,101
陕西南路,36.3929948,135.2164106,南京西路,36.4083298,135.2167284,12,0,124,101
南京西路,36.4083298,135.2167284,汉中路,36.4247903,135.2160864,12,0,124,101
汉中路,36.4247903,135.2160864,曲阜路,36.4266905,135.2301745,12,0,124,101
曲阜路,36.4266905,135.2301745,天潼路,36.4284516,135.2422649,12,0,124,101
天潼路,36.4284516,135.2422649,国际客运中心,36.4364503,135.2600584,12,0,124,101
国际客运中心,36.4364503,135.2600584,提篮桥,36.4407341,135.2694364,12,0,124,101
提篮桥,36.4407341,135.2694364,大连路,36.4466719,135.2764448,12,0,124,101
大连路,36.4466719,135.2764448,江浦公园,36.4554628,135.2883681,12,0,124,101
江浦公园,36.4554628,135.2883681,宁国路,36.4609873,135.2981445,12,0,124,101
宁国路,36.4609873,135.2981445,隆昌路,36.4695121,135.3112387,12,0,124,101
隆昌路,36.4695121,135.3112387,爱国路,36.475998,135.3208079,12,0,124,101
爱国路,36.475998,135.3208079,复兴岛,36.4771166,135.3301628,12,0,124,101
复兴岛,36.4771166,135.3301628,东陆路,36.4790585,135.3495513,12,0,124,101
东陆路,36.4790585,135.3495513,巨峰路,36.4757515,135.3616116,12,0,124,101
巨峰路,36.4757515,135.3616116,杨高北路,36.4753515,135.3764635,12,0,124,101
杨高北路,36.4753515,135.3764635,金京路,36.4747827,135.3906927,12,0,124,101
金京路,36.4747827,135.3906927,申江路,36.4753563,135.4035918,12,0,124,101
申江路,36.4753563,135.4035918,金海路,36.4534438,135.4162933,12,0,124,101
闵行开发区,36.1135624,135.1171669,文井路,36.1172879,135.129216,5,144,86,163
文井路,36.1172879,135.129216,华宁路,36.1222873,135.1451528,5,144,86,163
华宁路,36.1222873,135.1451528,金平路,36.1275541,135.1617601,5,144,86,163
金平路,36.1275541,135.1617601,东川路,36.1370238,135.1726382,5,144,86,163
东川路,36.1370238,135.1726382,剑川路,36.1474998,135.168906,5,144,86,163
剑川路,36.1474998,135.168906,北桥,36.1714963,135.161684,5,144,86,163
北桥,36.1714963,135.161684,颛桥,36.1995677,135.1527227,5,144,86,163
颛桥,36.1995677,135.1527227,银都路,36.228333,135.13985,5,144,86,163
银都路,36.228333,135.13985,春申路,36.2398145,135.1347961,5,144,86,163
春申路,36.2398145,135.1347961,莘庄,36.2561449,135.1340074,5,144,86,163
龙阳路,36.3749274,135.3259877,华夏中路,36.3397153,135.3547002,16,141,209,191
华夏中路,36.3397153,135.3547002,罗山路,36.311326,135.3656652,16,141,209,191
罗山路,36.311326,135.3656652,周浦东,36.2551341,135.3810389,16,141,209,191
周浦东,36.2551341,135.3810389,鹤沙航城,36.2132238,135.3857799,16,141,209,191
鹤沙航城,36.2132238,135.3857799,航头东,36.1838551,135.3927454,16,141,209,191
航头东,36.1838551,135.3927454,新场,36.1719555,135.4274884,16,141,209,191
新场,36.1719555,135.4274884,上海野生动物园,36.1783162,135.4841803,16,141,209,191
上海野生动物园,36.1783162,135.4841803,惠南,36.1825198,135.5534956,16,141,209,191
惠南,36.1825198,135.5534956,惠南东,36.1477484,135.5882932,16,141,209,191
惠南东,36.1477484,135.5882932,书院,36.0601846,135.6523129,16,141,209,191
书院,36.0601846,135.6523129,临港大道,36.0154355,135.7185773,16,141,209,191
临港大道,36.0154355,135.7185773,滴水湖,35.9935469,135.7399972,16,141,209,191
宝山路,36.4385618,135.2357642,海伦路,36.4472056,135.2503317,4,80,46,141
海伦路,36.4472056,135.2503317,临平路,36.4503741,135.2631181,4,80,46,141
临平路,36.4503741,135.2631181,大连路,36.4466719,135.2764448,4,80,46,141
大连路,36.4466719,135.2764448,杨树浦路,36.438842,135.2813076,4,80,46,141
杨树浦路,36.438842,135.2813076,浦东大道,36.4234427,135.2836111,4,80,46,141
浦东大道,36.4234427,135.2836111,世纪大道,36.409262,135.2918735,4,80,46,141
蓝村路,36.3869326,135.2930593,塘桥,36.3840766,135.2828765,4,80,46,141
塘桥,36.3840766,135.2828765,南浦大桥,36.3826232,135.2617059,4,80,46,141
南浦大桥,36.3826232,135.2617059,西藏南路,36.3740589,135.2503365,4,80,46,141
西藏南路,36.3740589,135.2503365,鲁班路,36.3705213,135.2334891,4,80,46,141
鲁班路,36.3705213,135.2334891,大木桥路,36.3645569,135.2214216,4,80,46,141
大木桥路,36.3645569,135.2214216,东安路,36.3602925,135.2116496,4,80,46,141
东安路,36.3602925,135.2116496,上海体育场,36.3539966,135.1992691,4,80,46,141
上海体育场,36.3539966,135.1992691,上海体育馆,36.3502362,135.1922832,4,80,46,141
上海体育馆,36.3502362,135.1922832,宜山路,36.3551403,135.1810308,4,80,46,141
嘉定北,36.6200359,134.9696829,嘉定西,36.6016443,134.9589895,11,126,33,49
嘉定西,36.6016443,134.9589895,白银路,36.5603054,134.9783564,11,126,33,49
白银路,36.5603054,134.9783564,嘉定新城,36.5400374,134.988641,11,126,33,49
嘉定新城,36.5400374,134.988641,马陆,36.5266258,135.0135655,11,126,33,49
马陆,36.5266258,135.0135655,南翔,36.4980431,135.0651274,11,126,33,49
南翔,36.4980431,135.0651274,桃浦新村,36.4776774,135.094281,11,126,33,49
桃浦新村,36.4776774,135.094281,武威路,36.4714285,135.1114033,11,126,33,49
武威路,36.4714285,135.1114033,祁连山路,36.4641435,135.1238495,11,126,33,49
祁连山路,36.4641435,135.1238495,李子园路,36.4608036,135.1394725,11,126,33,49
李子园路,36.4608036,135.1394725,上海西站,36.4529173,135.1521712,11,126,33,49
上海西站,36.4529173,135.1521712,真如,36.4373079,135.1587328,11,126,33,49
真如,36.4373079,135.1587328,枫桥路,36.4263862,135.1628582,11,126,33,49
枫桥路,36.4263862,135.1628582,曹杨路,36.4212553,135.1701603,11,126,33,49
曹杨路,36.4212553,135.1701603,隆德路,36.4116934,135.1768297,11,126,33,49
隆德路,36.4116934,135.1768297,江苏路,36.3987463,135.184632,11,126,33,49
江苏路,36.3987463,135.184632,交通大学,36.3756572,135.1894122,11,126,33,49
交通大学,36.3756572,135.1894122,徐家汇,36.3656801,135.1904365,11,126,33,49
徐家汇,36.3656801,135.1904365,上海游泳馆,36.3451732,135.1967957,11,126,33,49
上海游泳馆,36.3451732,135.1967957,龙华,36.3372666,135.2092659,11,126,33,49
龙华,36.3372666,135.2092659,云锦路,36.3287107,135.2155947,11,126,33,49
云锦路,36.3287107,135.2155947,龙耀路,36.3202532,135.2168037,11,126,33,49
龙耀路,36.3202532,135.2168037,东方体育中心,36.311495,135.2401946,11,126,33,49
东方体育中心,36.311495,135.2401946,三林,36.2976936,135.2741966,11,126,33,49
三林,36.2976936,135.2741966,三林东,36.3024889,135.2877052,11,126,33,49
三林东,36.3024889,135.2877052,浦三路,36.3086438,135.305348,11,126,33,49
浦三路,36.3086438,135.305348,御桥,36.3183705,135.3407763,11,126,33,49
御桥,36.3183705,135.3407763,罗山路,36.311326,135.3656652,11,126,33,49
罗山路,36.311326,135.3656652,秀沿路,36.2911272,135.3719222,11,126,33,49
秀沿路,36.2911272,135.3719222,康新公路,36.2813158,135.3925017,11,126,33,49
康新公路,36.2813158,135.3925017,迪士尼,36.2963697,135.4491881,11,126,33,49
航中路,36.3273758,135.1001942,紫藤路,36.3324428,135.1110154,10,188,168,209
紫藤路,36.3324428,135.1110154,龙柏新村,36.3419635,135.1177172,10,188,168,209
龙柏新村,36.3419635,135.1177172,龙溪路,36.3639651,135.1282674,10,188,168,209
上海西站,36.4529173,135.1521712,李子园,36.4608036,135.1394725,11,126,33,49
李子园,36.4608036,135.1394725,祁连山路,36.4641435,135.1238495,11,126,33,49
嘉定新城,36.5400374,134.988641,上海赛车场,36.5428902,134.9570094,11,126,33,49
上海赛车场,36.5428902,134.9570094,昌吉东路,36.4936128,134.928228,11,126,33,49
昌吉东路,36.4936128,134.928228,上海汽车城,36.4827773,134.9064971,11,126,33,49
上海汽车城,36.4827773,134.9064971,安亭,36.4863469,134.885738,11,126,33,49
安亭,36.4863469,134.885738,兆丰路,36.4867589,134.8726317,11,126,33,49
兆丰路,36.4867589,134.8726317,光明路,36.4964362,134.8360821,11,126,33,49
光明路,36.4964362,134.8360821,花桥,36.4999726,134.8212879,11,126,33,49
